<theme>
	<formatVersion>4</formatVersion>
	<include>./../theme.xml</include>

	<view name="system, basic, detailed, video">
		<image name="logo">
			<path>./_inc/system.jpg</path>
		</image>
	</view>

<view name="basic, detailed, video">
<image name="background" extra="true">
         <origin>0 0</origin>
         <pos>0 0</pos>
	 <zIndex>1</zIndex>
         <size>1 1</size>
         <tile>false</tile>
            <path>./_inc/background.jpg</path>
         </image>
</view>

<view name="video">
         <image name="crt-bezel" extra="true">
            <origin>0.5 0.5</origin>
            <pos>0.5 0.4</pos>
	    <zIndex>2</zIndex>
            <maxSize>0.57 0.57</maxSize>
            <path>./../_inc/images/previewframe5.jpg</path>
         </image>
</view>

</theme>

